company,year,revenue,net_income,total_assets,total_equity,total_debt,current_assets,current_liabilities,roe_pct,roa_pct,net_margin_pct,current_ratio,debt_to_equity,asset_turnover,equity_multiplier,roe_dupont_pct
Costco,2020,166761,4059,55556,18705,7609,28120.0,24844.0,21.7,7.306,2.434,1.132,0.407,3.002,2.97,21.7
Costco,2021,195929,5079,59268,18078,7491,29505.0,29441.0,28.095,8.57,2.592,1.002,0.414,3.306,3.278,28.095
Costco,2022,226954,5915,64166,20647,6557,32696.0,31998.0,28.648,9.218,2.606,1.022,0.318,3.537,3.108,28.648
Costco,2023,242290,6292,68994,25058,6458,35879.0,33583.0,25.11,9.12,2.597,1.068,0.258,3.512,2.753,25.11
Costco,2024,254453,7367,69831,23622,5897,34246.0,35464.0,31.187,10.55,2.895,0.966,0.25,3.644,2.956,31.187
Target,2020,93561,4368,51248,14440,12680,,,30.249,8.523,4.669,,0.878,1.826,3.549,30.249
Target,2021,106005,6946,53811,12827,13720,21573.0,21747.0,54.151,12.908,6.553,0.992,1.07,1.97,4.195,54.151
Target,2022,109120,2780,53335,11232,16139,17846.0,19500.0,24.751,5.212,2.548,0.915,1.437,2.046,4.748,24.751
Target,2023,107412,4138,55356,13432,16038,17498.0,19304.0,30.807,7.475,3.852,0.906,1.194,1.94,4.121,30.807
Target,2024,106566,4091,57769,14666,15940,19454.0,20799.0,27.894,7.082,3.839,0.935,1.087,1.845,3.939,27.894
Walmart,2020,523964,14881,236495,81552,49076,61806.0,77790.0,18.247,6.292,2.84,0.795,0.602,2.216,2.9,18.247
Walmart,2021,559151,13510,252496,87531,44309,90067.0,92645.0,15.435,5.351,2.416,0.972,0.506,2.214,2.885,15.435
Walmart,2022,572754,13940,244860,91891,37667,81070.0,87379.0,15.17,5.693,2.434,0.928,0.41,2.339,2.665,15.17
Walmart,2023,611289,11292,243197,83754,38840,75655.0,92198.0,13.482,4.643,1.847,0.821,0.464,2.514,2.904,13.482
Walmart,2024,648125,16270,252399,90349,39579,76877.0,92415.0,18.008,6.446,2.51,0.832,0.438,2.568,2.794,18.008
