company,year,revenue,net_income,total_assets,total_equity,total_debt,current_assets,current_liabilities
Walmart,2020,523964,14881,236495,81552,49076,61806,77790
Walmart,2021,559151,13510,252496,87531,44309,90067,92645
Walmart,2022,572754,13940,244860,91891,37667,81070,87379
Walmart,2023,611289,11292,243197,83754,38840,75655,92198
Walmart,2024,648125,16270,252399,90349,39579,76877,92415
Costco,2020,166761,4059,55556,18705,7609,28120,24844
Costco,2021,195929,5079,59268,18078,7491,29505,29441
Costco,2022,226954,5915,64166,20647,6557,32696,31998
Costco,2023,242290,6292,68994,25058,6458,35879,33583
Costco,2024,254453,7367,69831,23622,5897,34246,35464
Target,2020,93561,4368,51248,14440,12680,,
Target,2021,106005,6946,53811,12827,13720,21573,21747
Target,2022,109120,2780,53335,11232,16139,17846,19500
Target,2023,107412,4138,55356,13432,16038,17498,19304
Target,2024,106566,4091,57769,14666,15940,19454,20799
